time,source_file,horizon,power_pred
2025-08-07 09:00:00,test_X_slice_0.csv,1,16.743377685546875
2025-08-07 10:00:00,test_X_slice_0.csv,2,18.69722557067871
2025-08-07 11:00:00,test_X_slice_0.csv,3,18.63788414001465
2025-08-07 12:00:00,test_X_slice_0.csv,4,17.798673629760742
2025-08-07 13:00:00,test_X_slice_0.csv,5,16.341663360595703
2025-08-07 14:00:00,test_X_slice_0.csv,6,15.591229438781738
2025-08-07 15:00:00,test_X_slice_0.csv,7,14.945413589477539
2025-08-07 16:00:00,test_X_slice_0.csv,8,14.351457595825195
2025-08-07 17:00:00,test_X_slice_0.csv,9,13.543313980102539
2025-08-07 18:00:00,test_X_slice_0.csv,10,11.25186824798584
2025-08-07 19:00:00,test_X_slice_0.csv,11,10.766974449157715
2025-08-07 20:00:00,test_X_slice_0.csv,12,10.152602195739746
2025-08-07 21:00:00,test_X_slice_0.csv,13,9.595224380493164
2025-08-07 22:00:00,test_X_slice_0.csv,14,8.150516510009766
2025-08-07 23:00:00,test_X_slice_0.csv,15,7.5246663093566895
2025-08-08 00:00:00,test_X_slice_0.csv,16,7.09604549407959
2025-08-08 01:00:00,test_X_slice_0.csv,17,6.886587619781494
2025-08-08 02:00:00,test_X_slice_0.csv,18,6.831770420074463
2025-08-08 03:00:00,test_X_slice_0.csv,19,6.8768134117126465
2025-08-08 04:00:00,test_X_slice_0.csv,20,5.59756326675415
2025-08-08 05:00:00,test_X_slice_0.csv,21,5.062067031860352
2025-08-08 06:00:00,test_X_slice_0.csv,22,8.4478178024292
2025-08-08 07:00:00,test_X_slice_0.csv,23,8.746298789978027
2025-08-08 08:00:00,test_X_slice_0.csv,24,13.124245643615723
2025-06-11 05:00:00,test_X_slice_1.csv,1,4.674046516418457
2025-06-11 06:00:00,test_X_slice_1.csv,2,7.182757377624512
2025-06-11 07:00:00,test_X_slice_1.csv,3,8.630770683288574
2025-06-11 08:00:00,test_X_slice_1.csv,4,10.831271171569824
2025-06-11 09:00:00,test_X_slice_1.csv,5,12.06506061553955
2025-06-11 10:00:00,test_X_slice_1.csv,6,12.755717277526855
2025-06-11 11:00:00,test_X_slice_1.csv,7,13.456902503967285
2025-06-11 12:00:00,test_X_slice_1.csv,8,13.384926795959473
2025-06-11 13:00:00,test_X_slice_1.csv,9,14.228201866149902
2025-06-11 14:00:00,test_X_slice_1.csv,10,15.953960418701172
2025-06-11 15:00:00,test_X_slice_1.csv,11,18.070785522460938
2025-06-11 16:00:00,test_X_slice_1.csv,12,17.466794967651367
2025-06-11 17:00:00,test_X_slice_1.csv,13,14.446606636047363
2025-06-11 18:00:00,test_X_slice_1.csv,14,13.387410163879395
2025-06-11 19:00:00,test_X_slice_1.csv,15,13.65036392211914
2025-06-11 20:00:00,test_X_slice_1.csv,16,11.550703048706055
2025-06-11 21:00:00,test_X_slice_1.csv,17,10.53692626953125
2025-06-11 22:00:00,test_X_slice_1.csv,18,8.6669921875
2025-06-11 23:00:00,test_X_slice_1.csv,19,7.775684833526611
2025-06-12 00:00:00,test_X_slice_1.csv,20,7.7430739402771
2025-06-12 01:00:00,test_X_slice_1.csv,21,6.892397403717041
2025-06-12 02:00:00,test_X_slice_1.csv,22,6.220371246337891
2025-06-12 03:00:00,test_X_slice_1.csv,23,6.127889633178711
2025-06-12 04:00:00,test_X_slice_1.csv,24,5.138033866882324
2025-05-29 23:00:00,test_X_slice_2.csv,1,3.5876965522766113
2025-05-30 00:00:00,test_X_slice_2.csv,2,3.3651628494262695
2025-05-30 01:00:00,test_X_slice_2.csv,3,2.6461329460144043
2025-05-30 02:00:00,test_X_slice_2.csv,4,2.7489635944366455
2025-05-30 03:00:00,test_X_slice_2.csv,5,3.3349769115448
2025-05-30 04:00:00,test_X_slice_2.csv,6,3.415717601776123
2025-05-30 05:00:00,test_X_slice_2.csv,7,4.372633934020996
2025-05-30 06:00:00,test_X_slice_2.csv,8,6.9049811363220215
2025-05-30 07:00:00,test_X_slice_2.csv,9,8.204645156860352
2025-05-30 08:00:00,test_X_slice_2.csv,10,9.960363388061523
2025-05-30 09:00:00,test_X_slice_2.csv,11,11.089775085449219
2025-05-30 10:00:00,test_X_slice_2.csv,12,11.710512161254883
2025-05-30 11:00:00,test_X_slice_2.csv,13,11.677370071411133
2025-05-30 12:00:00,test_X_slice_2.csv,14,11.308310508728027
2025-05-30 13:00:00,test_X_slice_2.csv,15,10.966812133789062
2025-05-30 14:00:00,test_X_slice_2.csv,16,11.007230758666992
2025-05-30 15:00:00,test_X_slice_2.csv,17,10.779831886291504
2025-05-30 16:00:00,test_X_slice_2.csv,18,9.15433120727539
2025-05-30 17:00:00,test_X_slice_2.csv,19,8.196913719177246
2025-05-30 18:00:00,test_X_slice_2.csv,20,8.483613014221191
2025-05-30 19:00:00,test_X_slice_2.csv,21,6.842587471008301
2025-05-30 20:00:00,test_X_slice_2.csv,22,5.946346282958984
2025-05-30 21:00:00,test_X_slice_2.csv,23,5.853978157043457
2025-05-30 22:00:00,test_X_slice_2.csv,24,5.215802192687988
2025-08-09 10:00:00,test_X_slice_3.csv,1,7.496706008911133
2025-08-09 11:00:00,test_X_slice_3.csv,2,6.921363830566406
2025-08-09 12:00:00,test_X_slice_3.csv,3,6.901198387145996
2025-08-09 13:00:00,test_X_slice_3.csv,4,7.0337090492248535
2025-08-09 14:00:00,test_X_slice_3.csv,5,6.667454242706299
2025-08-09 15:00:00,test_X_slice_3.csv,6,6.392243385314941
2025-08-09 16:00:00,test_X_slice_3.csv,7,6.016112804412842
2025-08-09 17:00:00,test_X_slice_3.csv,8,6.3106560707092285
2025-08-09 18:00:00,test_X_slice_3.csv,9,5.495602130889893
2025-08-09 19:00:00,test_X_slice_3.csv,10,8.259739875793457
2025-08-09 20:00:00,test_X_slice_3.csv,11,6.685328483581543
2025-08-09 21:00:00,test_X_slice_3.csv,12,7.35384464263916
2025-08-09 22:00:00,test_X_slice_3.csv,13,6.469615459442139
2025-08-09 23:00:00,test_X_slice_3.csv,14,4.876763343811035
2025-08-10 00:00:00,test_X_slice_3.csv,15,4.768391132354736
2025-08-10 01:00:00,test_X_slice_3.csv,16,5.094533443450928
2025-08-10 02:00:00,test_X_slice_3.csv,17,4.7717814445495605
2025-08-10 03:00:00,test_X_slice_3.csv,18,4.496738433837891
2025-08-10 04:00:00,test_X_slice_3.csv,19,4.190635681152344
2025-08-10 05:00:00,test_X_slice_3.csv,20,4.302736759185791
2025-08-10 06:00:00,test_X_slice_3.csv,21,4.690023899078369
2025-08-10 07:00:00,test_X_slice_3.csv,22,5.083719253540039
2025-08-10 08:00:00,test_X_slice_3.csv,23,5.94896125793457
2025-08-10 09:00:00,test_X_slice_3.csv,24,6.448337078094482
2025-07-05 17:00:00,test_X_slice_4.csv,1,5.022256851196289
2025-07-05 18:00:00,test_X_slice_4.csv,2,3.7957043647766113
2025-07-05 19:00:00,test_X_slice_4.csv,3,7.468491554260254
2025-07-05 20:00:00,test_X_slice_4.csv,4,7.377338886260986
2025-07-05 21:00:00,test_X_slice_4.csv,5,9.282452583312988
2025-07-05 22:00:00,test_X_slice_4.csv,6,7.637956619262695
2025-07-05 23:00:00,test_X_slice_4.csv,7,6.400184154510498
2025-07-06 00:00:00,test_X_slice_4.csv,8,9.592814445495605
2025-07-06 01:00:00,test_X_slice_4.csv,9,8.792844772338867
2025-07-06 02:00:00,test_X_slice_4.csv,10,8.054072380065918
2025-07-06 03:00:00,test_X_slice_4.csv,11,7.601803779602051
2025-07-06 04:00:00,test_X_slice_4.csv,12,7.402626037597656
2025-07-06 05:00:00,test_X_slice_4.csv,13,6.804972171783447
2025-07-06 06:00:00,test_X_slice_4.csv,14,6.054251670837402
2025-07-06 07:00:00,test_X_slice_4.csv,15,6.494866847991943
2025-07-06 08:00:00,test_X_slice_4.csv,16,6.752495288848877
2025-07-06 09:00:00,test_X_slice_4.csv,17,6.850398540496826
2025-07-06 10:00:00,test_X_slice_4.csv,18,6.314174652099609
2025-07-06 11:00:00,test_X_slice_4.csv,19,5.9909138679504395
2025-07-06 12:00:00,test_X_slice_4.csv,20,6.51544189453125
2025-07-06 13:00:00,test_X_slice_4.csv,21,6.8043107986450195
2025-07-06 14:00:00,test_X_slice_4.csv,22,7.141624450683594
2025-07-06 15:00:00,test_X_slice_4.csv,23,6.869792461395264
2025-07-06 16:00:00,test_X_slice_4.csv,24,6.841914653778076
2025-06-25 12:00:00,test_X_slice_5.csv,1,26.88701820373535
2025-06-25 13:00:00,test_X_slice_5.csv,2,24.735774993896484
2025-06-25 14:00:00,test_X_slice_5.csv,3,23.730152130126953
2025-06-25 15:00:00,test_X_slice_5.csv,4,24.112560272216797
2025-06-25 16:00:00,test_X_slice_5.csv,5,20.050071716308594
2025-06-25 17:00:00,test_X_slice_5.csv,6,18.28472137451172
2025-06-25 18:00:00,test_X_slice_5.csv,7,17.19870376586914
2025-06-25 19:00:00,test_X_slice_5.csv,8,17.624792098999023
2025-06-25 20:00:00,test_X_slice_5.csv,9,16.93993377685547
2025-06-25 21:00:00,test_X_slice_5.csv,10,15.519941329956055
2025-06-25 22:00:00,test_X_slice_5.csv,11,13.366592407226562
2025-06-25 23:00:00,test_X_slice_5.csv,12,12.343768119812012
2025-06-26 00:00:00,test_X_slice_5.csv,13,11.20878791809082
2025-06-26 01:00:00,test_X_slice_5.csv,14,10.03555679321289
2025-06-26 02:00:00,test_X_slice_5.csv,15,9.630228042602539
2025-06-26 03:00:00,test_X_slice_5.csv,16,8.981330871582031
2025-06-26 04:00:00,test_X_slice_5.csv,17,8.645797729492188
2025-06-26 05:00:00,test_X_slice_5.csv,18,8.857198715209961
2025-06-26 06:00:00,test_X_slice_5.csv,19,9.685606002807617
2025-06-26 07:00:00,test_X_slice_5.csv,20,10.232173919677734
2025-06-26 08:00:00,test_X_slice_5.csv,21,12.929047584533691
2025-06-26 09:00:00,test_X_slice_5.csv,22,15.00439739227295
2025-06-26 10:00:00,test_X_slice_5.csv,23,16.79880714416504
2025-06-26 11:00:00,test_X_slice_5.csv,24,20.012426376342773
2025-05-27 22:00:00,test_X_slice_6.csv,1,3.9958932399749756
2025-05-27 23:00:00,test_X_slice_6.csv,2,1.9846272468566895
2025-05-28 00:00:00,test_X_slice_6.csv,3,2.170555591583252
2025-05-28 01:00:00,test_X_slice_6.csv,4,1.7663776874542236
2025-05-28 02:00:00,test_X_slice_6.csv,5,2.3003792762756348
2025-05-28 03:00:00,test_X_slice_6.csv,6,2.3155272006988525
2025-05-28 04:00:00,test_X_slice_6.csv,7,2.248743772506714
2025-05-28 05:00:00,test_X_slice_6.csv,8,3.8128809928894043
2025-05-28 06:00:00,test_X_slice_6.csv,9,6.428794860839844
2025-05-28 07:00:00,test_X_slice_6.csv,10,7.35107946395874
2025-05-28 08:00:00,test_X_slice_6.csv,11,11.832976341247559
2025-05-28 09:00:00,test_X_slice_6.csv,12,14.861679077148438
2025-05-28 10:00:00,test_X_slice_6.csv,13,16.41365623474121
2025-05-28 11:00:00,test_X_slice_6.csv,14,15.731093406677246
2025-05-28 12:00:00,test_X_slice_6.csv,15,14.66897201538086
2025-05-28 13:00:00,test_X_slice_6.csv,16,14.918139457702637
2025-05-28 14:00:00,test_X_slice_6.csv,17,14.458343505859375
2025-05-28 15:00:00,test_X_slice_6.csv,18,14.814942359924316
2025-05-28 16:00:00,test_X_slice_6.csv,19,13.359748840332031
2025-05-28 17:00:00,test_X_slice_6.csv,20,10.381099700927734
2025-05-28 18:00:00,test_X_slice_6.csv,21,7.944836616516113
2025-05-28 19:00:00,test_X_slice_6.csv,22,5.311549663543701
2025-05-28 20:00:00,test_X_slice_6.csv,23,5.954876899719238
2025-05-28 21:00:00,test_X_slice_6.csv,24,5.361801624298096
2025-08-03 07:00:00,test_X_slice_7.csv,1,5.020297050476074
2025-08-03 08:00:00,test_X_slice_7.csv,2,5.595607757568359
2025-08-03 09:00:00,test_X_slice_7.csv,3,5.380791664123535
2025-08-03 10:00:00,test_X_slice_7.csv,4,5.6283979415893555
2025-08-03 11:00:00,test_X_slice_7.csv,5,5.8671040534973145
2025-08-03 12:00:00,test_X_slice_7.csv,6,5.618209362030029
2025-08-03 13:00:00,test_X_slice_7.csv,7,6.2172441482543945
2025-08-03 14:00:00,test_X_slice_7.csv,8,5.231429100036621
2025-08-03 15:00:00,test_X_slice_7.csv,9,4.3673095703125
2025-08-03 16:00:00,test_X_slice_7.csv,10,3.686133623123169
2025-08-03 17:00:00,test_X_slice_7.csv,11,2.5445785522460938
2025-08-03 18:00:00,test_X_slice_7.csv,12,3.4430880546569824
2025-08-03 19:00:00,test_X_slice_7.csv,13,2.092921495437622
2025-08-03 20:00:00,test_X_slice_7.csv,14,-1.697322964668274
2025-08-03 21:00:00,test_X_slice_7.csv,15,-2.7222886085510254
2025-08-03 22:00:00,test_X_slice_7.csv,16,-2.2820892333984375
2025-08-03 23:00:00,test_X_slice_7.csv,17,0.1852276623249054
2025-08-04 00:00:00,test_X_slice_7.csv,18,0.6235311627388
2025-08-04 01:00:00,test_X_slice_7.csv,19,0.11420714110136032
2025-08-04 02:00:00,test_X_slice_7.csv,20,0.9019540548324585
2025-08-04 03:00:00,test_X_slice_7.csv,21,0.3998497426509857
2025-08-04 04:00:00,test_X_slice_7.csv,22,0.5142974257469177
2025-08-04 05:00:00,test_X_slice_7.csv,23,1.7647627592086792
2025-08-04 06:00:00,test_X_slice_7.csv,24,3.3953256607055664
2025-06-15 07:00:00,test_X_slice_8.csv,1,6.920177936553955
2025-06-15 08:00:00,test_X_slice_8.csv,2,7.564605236053467
2025-06-15 09:00:00,test_X_slice_8.csv,3,6.558688640594482
2025-06-15 10:00:00,test_X_slice_8.csv,4,6.029139041900635
2025-06-15 11:00:00,test_X_slice_8.csv,5,5.7404584884643555
2025-06-15 12:00:00,test_X_slice_8.csv,6,6.335450172424316
2025-06-15 13:00:00,test_X_slice_8.csv,7,6.014468193054199
2025-06-15 14:00:00,test_X_slice_8.csv,8,6.480611801147461
2025-06-15 15:00:00,test_X_slice_8.csv,9,6.024597644805908
2025-06-15 16:00:00,test_X_slice_8.csv,10,5.398004531860352
2025-06-15 17:00:00,test_X_slice_8.csv,11,3.632401466369629
2025-06-15 18:00:00,test_X_slice_8.csv,12,2.645958185195923
2025-06-15 19:00:00,test_X_slice_8.csv,13,2.289971351623535
2025-06-15 20:00:00,test_X_slice_8.csv,14,2.7766902446746826
2025-06-15 21:00:00,test_X_slice_8.csv,15,3.048024892807007
2025-06-15 22:00:00,test_X_slice_8.csv,16,2.74617338180542
2025-06-15 23:00:00,test_X_slice_8.csv,17,2.5994462966918945
2025-06-16 00:00:00,test_X_slice_8.csv,18,3.430389165878296
2025-06-16 01:00:00,test_X_slice_8.csv,19,4.600411415100098
2025-06-16 02:00:00,test_X_slice_8.csv,20,4.805108547210693
2025-06-16 03:00:00,test_X_slice_8.csv,21,5.075859069824219
2025-06-16 04:00:00,test_X_slice_8.csv,22,6.024476528167725
2025-06-16 05:00:00,test_X_slice_8.csv,23,5.38386344909668
2025-06-16 06:00:00,test_X_slice_8.csv,24,8.39178466796875
2025-07-11 20:00:00,test_X_slice_9.csv,1,9.92047119140625
2025-07-11 21:00:00,test_X_slice_9.csv,2,9.912872314453125
2025-07-11 22:00:00,test_X_slice_9.csv,3,8.73207950592041
2025-07-11 23:00:00,test_X_slice_9.csv,4,7.739384651184082
2025-07-12 00:00:00,test_X_slice_9.csv,5,6.830399513244629
2025-07-12 01:00:00,test_X_slice_9.csv,6,7.341640472412109
2025-07-12 02:00:00,test_X_slice_9.csv,7,7.810762405395508
2025-07-12 03:00:00,test_X_slice_9.csv,8,7.53986120223999
2025-07-12 04:00:00,test_X_slice_9.csv,9,7.295755386352539
2025-07-12 05:00:00,test_X_slice_9.csv,10,7.08421516418457
2025-07-12 06:00:00,test_X_slice_9.csv,11,6.157252788543701
2025-07-12 07:00:00,test_X_slice_9.csv,12,6.405066967010498
2025-07-12 08:00:00,test_X_slice_9.csv,13,7.991297245025635
2025-07-12 09:00:00,test_X_slice_9.csv,14,8.836773872375488
2025-07-12 10:00:00,test_X_slice_9.csv,15,11.188939094543457
2025-07-12 11:00:00,test_X_slice_9.csv,16,11.23738956451416
2025-07-12 12:00:00,test_X_slice_9.csv,17,11.091611862182617
2025-07-12 13:00:00,test_X_slice_9.csv,18,12.03081226348877
2025-07-12 14:00:00,test_X_slice_9.csv,19,13.35848331451416
2025-07-12 15:00:00,test_X_slice_9.csv,20,12.331263542175293
2025-07-12 16:00:00,test_X_slice_9.csv,21,11.522581100463867
2025-07-12 17:00:00,test_X_slice_9.csv,22,10.109698295593262
2025-07-12 18:00:00,test_X_slice_9.csv,23,8.648540496826172
2025-07-12 19:00:00,test_X_slice_9.csv,24,8.127045631408691
2025-06-21 10:00:00,test_X_slice_10.csv,1,8.356734275817871
2025-06-21 11:00:00,test_X_slice_10.csv,2,6.853296756744385
2025-06-21 12:00:00,test_X_slice_10.csv,3,5.769778728485107
2025-06-21 13:00:00,test_X_slice_10.csv,4,5.685399532318115
2025-06-21 14:00:00,test_X_slice_10.csv,5,5.992361068725586
2025-06-21 15:00:00,test_X_slice_10.csv,6,5.901769638061523
2025-06-21 16:00:00,test_X_slice_10.csv,7,6.0053815841674805
2025-06-21 17:00:00,test_X_slice_10.csv,8,5.7953572273254395
2025-06-21 18:00:00,test_X_slice_10.csv,9,5.688819885253906
2025-06-21 19:00:00,test_X_slice_10.csv,10,10.452851295471191
2025-06-21 20:00:00,test_X_slice_10.csv,11,7.286532878875732
2025-06-21 21:00:00,test_X_slice_10.csv,12,5.9286088943481445
2025-06-21 22:00:00,test_X_slice_10.csv,13,6.859856128692627
2025-06-21 23:00:00,test_X_slice_10.csv,14,10.408073425292969
2025-06-22 00:00:00,test_X_slice_10.csv,15,10.913474082946777
2025-06-22 01:00:00,test_X_slice_10.csv,16,10.595121383666992
2025-06-22 02:00:00,test_X_slice_10.csv,17,10.354540824890137
2025-06-22 03:00:00,test_X_slice_10.csv,18,10.520251274108887
2025-06-22 04:00:00,test_X_slice_10.csv,19,10.02780532836914
2025-06-22 05:00:00,test_X_slice_10.csv,20,9.752772331237793
2025-06-22 06:00:00,test_X_slice_10.csv,21,9.70250415802002
2025-06-22 07:00:00,test_X_slice_10.csv,22,10.212469100952148
2025-06-22 08:00:00,test_X_slice_10.csv,23,10.898709297180176
2025-06-22 09:00:00,test_X_slice_10.csv,24,10.870758056640625
2025-06-17 08:00:00,test_X_slice_11.csv,1,11.295896530151367
2025-06-17 09:00:00,test_X_slice_11.csv,2,12.8759183883667
2025-06-17 10:00:00,test_X_slice_11.csv,3,14.506720542907715
2025-06-17 11:00:00,test_X_slice_11.csv,4,17.51091766357422
2025-06-17 12:00:00,test_X_slice_11.csv,5,19.849401473999023
2025-06-17 13:00:00,test_X_slice_11.csv,6,21.380369186401367
2025-06-17 14:00:00,test_X_slice_11.csv,7,22.697099685668945
2025-06-17 15:00:00,test_X_slice_11.csv,8,26.398326873779297
2025-06-17 16:00:00,test_X_slice_11.csv,9,22.541730880737305
2025-06-17 17:00:00,test_X_slice_11.csv,10,14.845419883728027
2025-06-17 18:00:00,test_X_slice_11.csv,11,12.229683876037598
2025-06-17 19:00:00,test_X_slice_11.csv,12,11.744775772094727
2025-06-17 20:00:00,test_X_slice_11.csv,13,11.019915580749512
2025-06-17 21:00:00,test_X_slice_11.csv,14,10.544473648071289
2025-06-17 22:00:00,test_X_slice_11.csv,15,8.956685066223145
2025-06-17 23:00:00,test_X_slice_11.csv,16,8.39492416381836
2025-06-18 00:00:00,test_X_slice_11.csv,17,8.135811805725098
2025-06-18 01:00:00,test_X_slice_11.csv,18,7.710687637329102
2025-06-18 02:00:00,test_X_slice_11.csv,19,7.124185085296631
2025-06-18 03:00:00,test_X_slice_11.csv,20,6.739226818084717
2025-06-18 04:00:00,test_X_slice_11.csv,21,6.971320152282715
2025-06-18 05:00:00,test_X_slice_11.csv,22,6.800056457519531
2025-06-18 06:00:00,test_X_slice_11.csv,23,9.13333797454834
2025-06-18 07:00:00,test_X_slice_11.csv,24,9.83330249786377
2025-07-24 02:00:00,test_X_slice_12.csv,1,4.359851360321045
2025-07-24 03:00:00,test_X_slice_12.csv,2,4.273586750030518
2025-07-24 04:00:00,test_X_slice_12.csv,3,4.525827884674072
2025-07-24 05:00:00,test_X_slice_12.csv,4,4.757547855377197
2025-07-24 06:00:00,test_X_slice_12.csv,5,7.532001495361328
2025-07-24 07:00:00,test_X_slice_12.csv,6,8.842411041259766
2025-07-24 08:00:00,test_X_slice_12.csv,7,16.747127532958984
2025-07-24 09:00:00,test_X_slice_12.csv,8,24.355335235595703
2025-07-24 10:00:00,test_X_slice_12.csv,9,21.032470703125
2025-07-24 11:00:00,test_X_slice_12.csv,10,17.859012603759766
2025-07-24 12:00:00,test_X_slice_12.csv,11,16.783903121948242
2025-07-24 13:00:00,test_X_slice_12.csv,12,15.85064697265625
2025-07-24 14:00:00,test_X_slice_12.csv,13,16.60284423828125
2025-07-24 15:00:00,test_X_slice_12.csv,14,17.11723518371582
2025-07-24 16:00:00,test_X_slice_12.csv,15,16.14531898498535
2025-07-24 17:00:00,test_X_slice_12.csv,16,12.654792785644531
2025-07-24 18:00:00,test_X_slice_12.csv,17,11.044197082519531
2025-07-24 19:00:00,test_X_slice_12.csv,18,10.418910026550293
2025-07-24 20:00:00,test_X_slice_12.csv,19,9.697444915771484
2025-07-24 21:00:00,test_X_slice_12.csv,20,8.188948631286621
2025-07-24 22:00:00,test_X_slice_12.csv,21,6.633962154388428
2025-07-24 23:00:00,test_X_slice_12.csv,22,5.878288269042969
2025-07-25 00:00:00,test_X_slice_12.csv,23,5.560469627380371
2025-07-25 01:00:00,test_X_slice_12.csv,24,5.4582109451293945
2025-08-11 11:00:00,test_X_slice_13.csv,1,16.66277313232422
2025-08-11 12:00:00,test_X_slice_13.csv,2,20.43183135986328
2025-08-11 13:00:00,test_X_slice_13.csv,3,21.488309860229492
2025-08-11 14:00:00,test_X_slice_13.csv,4,23.628562927246094
2025-08-11 15:00:00,test_X_slice_13.csv,5,28.354267120361328
2025-08-11 16:00:00,test_X_slice_13.csv,6,22.52971076965332
2025-08-11 17:00:00,test_X_slice_13.csv,7,17.003713607788086
2025-08-11 18:00:00,test_X_slice_13.csv,8,15.507281303405762
2025-08-11 19:00:00,test_X_slice_13.csv,9,14.899162292480469
2025-08-11 20:00:00,test_X_slice_13.csv,10,14.04483699798584
2025-08-11 21:00:00,test_X_slice_13.csv,11,14.179265975952148
2025-08-11 22:00:00,test_X_slice_13.csv,12,14.095111846923828
2025-08-11 23:00:00,test_X_slice_13.csv,13,14.73717212677002
2025-08-12 00:00:00,test_X_slice_13.csv,14,18.237180709838867
2025-08-12 01:00:00,test_X_slice_13.csv,15,19.940399169921875
2025-08-12 02:00:00,test_X_slice_13.csv,16,18.5476131439209
2025-08-12 03:00:00,test_X_slice_13.csv,17,16.554269790649414
2025-08-12 04:00:00,test_X_slice_13.csv,18,14.276816368103027
2025-08-12 05:00:00,test_X_slice_13.csv,19,12.926214218139648
2025-08-12 06:00:00,test_X_slice_13.csv,20,11.26846981048584
2025-08-12 07:00:00,test_X_slice_13.csv,21,11.717230796813965
2025-08-12 08:00:00,test_X_slice_13.csv,22,14.865880012512207
2025-08-12 09:00:00,test_X_slice_13.csv,23,17.020328521728516
2025-08-12 10:00:00,test_X_slice_13.csv,24,17.75837516784668
2025-07-30 05:00:00,test_X_slice_14.csv,1,4.903031826019287
2025-07-30 06:00:00,test_X_slice_14.csv,2,7.6876068115234375
2025-07-30 07:00:00,test_X_slice_14.csv,3,8.11410140991211
2025-07-30 08:00:00,test_X_slice_14.csv,4,10.5972318649292
2025-07-30 09:00:00,test_X_slice_14.csv,5,12.49448013305664
2025-07-30 10:00:00,test_X_slice_14.csv,6,12.988808631896973
2025-07-30 11:00:00,test_X_slice_14.csv,7,12.928018569946289
2025-07-30 12:00:00,test_X_slice_14.csv,8,13.267326354980469
2025-07-30 13:00:00,test_X_slice_14.csv,9,14.47431468963623
2025-07-30 14:00:00,test_X_slice_14.csv,10,15.89089584350586
2025-07-30 15:00:00,test_X_slice_14.csv,11,16.647565841674805
2025-07-30 16:00:00,test_X_slice_14.csv,12,13.887954711914062
2025-07-30 17:00:00,test_X_slice_14.csv,13,11.72386646270752
2025-07-30 18:00:00,test_X_slice_14.csv,14,11.210066795349121
2025-07-30 19:00:00,test_X_slice_14.csv,15,10.825963973999023
2025-07-30 20:00:00,test_X_slice_14.csv,16,10.247029304504395
2025-07-30 21:00:00,test_X_slice_14.csv,17,8.984031677246094
2025-07-30 22:00:00,test_X_slice_14.csv,18,7.098780632019043
2025-07-30 23:00:00,test_X_slice_14.csv,19,6.319324970245361
2025-07-31 00:00:00,test_X_slice_14.csv,20,6.845873832702637
2025-07-31 01:00:00,test_X_slice_14.csv,21,5.528210639953613
2025-07-31 02:00:00,test_X_slice_14.csv,22,5.1344990730285645
2025-07-31 03:00:00,test_X_slice_14.csv,23,5.4220757484436035
2025-07-31 04:00:00,test_X_slice_14.csv,24,4.909083366394043
2025-08-15 13:00:00,test_X_slice_15.csv,1,17.86171531677246
2025-08-15 14:00:00,test_X_slice_15.csv,2,20.193382263183594
2025-08-15 15:00:00,test_X_slice_15.csv,3,17.990989685058594
2025-08-15 16:00:00,test_X_slice_15.csv,4,16.979406356811523
2025-08-15 17:00:00,test_X_slice_15.csv,5,14.628345489501953
2025-08-15 18:00:00,test_X_slice_15.csv,6,12.979628562927246
2025-08-15 19:00:00,test_X_slice_15.csv,7,11.35284423828125
2025-08-15 20:00:00,test_X_slice_15.csv,8,9.977553367614746
2025-08-15 21:00:00,test_X_slice_15.csv,9,9.558022499084473
2025-08-15 22:00:00,test_X_slice_15.csv,10,7.879426002502441
2025-08-15 23:00:00,test_X_slice_15.csv,11,7.3530802726745605
2025-08-16 00:00:00,test_X_slice_15.csv,12,6.46647834777832
2025-08-16 01:00:00,test_X_slice_15.csv,13,6.581909656524658
2025-08-16 02:00:00,test_X_slice_15.csv,14,7.352961540222168
2025-08-16 03:00:00,test_X_slice_15.csv,15,7.64509916305542
2025-08-16 04:00:00,test_X_slice_15.csv,16,6.994129180908203
2025-08-16 05:00:00,test_X_slice_15.csv,17,6.7706756591796875
2025-08-16 06:00:00,test_X_slice_15.csv,18,5.710979461669922
2025-08-16 07:00:00,test_X_slice_15.csv,19,5.573201656341553
2025-08-16 08:00:00,test_X_slice_15.csv,20,5.674034118652344
2025-08-16 09:00:00,test_X_slice_15.csv,21,5.703380107879639
2025-08-16 10:00:00,test_X_slice_15.csv,22,5.908910274505615
2025-08-16 11:00:00,test_X_slice_15.csv,23,5.690130710601807
2025-08-16 12:00:00,test_X_slice_15.csv,24,5.92125940322876
2025-08-23 17:00:00,test_X_slice_16.csv,1,7.780362129211426
2025-08-23 18:00:00,test_X_slice_16.csv,2,6.565969467163086
2025-08-23 19:00:00,test_X_slice_16.csv,3,6.052137851715088
2025-08-23 20:00:00,test_X_slice_16.csv,4,7.103242874145508
2025-08-23 21:00:00,test_X_slice_16.csv,5,5.692412853240967
2025-08-23 22:00:00,test_X_slice_16.csv,6,4.832897186279297
2025-08-23 23:00:00,test_X_slice_16.csv,7,4.6800923347473145
2025-08-24 00:00:00,test_X_slice_16.csv,8,4.545185565948486
2025-08-24 01:00:00,test_X_slice_16.csv,9,4.799674987792969
2025-08-24 02:00:00,test_X_slice_16.csv,10,4.629751682281494
2025-08-24 03:00:00,test_X_slice_16.csv,11,4.933531284332275
2025-08-24 04:00:00,test_X_slice_16.csv,12,5.208646774291992
2025-08-24 05:00:00,test_X_slice_16.csv,13,5.144333362579346
2025-08-24 06:00:00,test_X_slice_16.csv,14,5.513828277587891
2025-08-24 07:00:00,test_X_slice_16.csv,15,6.170779228210449
2025-08-24 08:00:00,test_X_slice_16.csv,16,5.092631816864014
2025-08-24 09:00:00,test_X_slice_16.csv,17,5.154038906097412
2025-08-24 10:00:00,test_X_slice_16.csv,18,6.096360683441162
2025-08-24 11:00:00,test_X_slice_16.csv,19,7.4338059425354
2025-08-24 12:00:00,test_X_slice_16.csv,20,7.804243087768555
2025-08-24 13:00:00,test_X_slice_16.csv,21,6.744355201721191
2025-08-24 14:00:00,test_X_slice_16.csv,22,4.838142395019531
2025-08-24 15:00:00,test_X_slice_16.csv,23,4.693900108337402
2025-08-24 16:00:00,test_X_slice_16.csv,24,4.6200151443481445
2025-08-05 08:00:00,test_X_slice_17.csv,1,13.60726261138916
2025-08-05 09:00:00,test_X_slice_17.csv,2,17.588571548461914
2025-08-05 10:00:00,test_X_slice_17.csv,3,17.88691520690918
2025-08-05 11:00:00,test_X_slice_17.csv,4,16.5297794342041
2025-08-05 12:00:00,test_X_slice_17.csv,5,15.72890853881836
2025-08-05 13:00:00,test_X_slice_17.csv,6,15.712411880493164
2025-08-05 14:00:00,test_X_slice_17.csv,7,16.772052764892578
2025-08-05 15:00:00,test_X_slice_17.csv,8,17.969297409057617
2025-08-05 16:00:00,test_X_slice_17.csv,9,16.34326171875
2025-08-05 17:00:00,test_X_slice_17.csv,10,13.312948226928711
2025-08-05 18:00:00,test_X_slice_17.csv,11,11.159932136535645
2025-08-05 19:00:00,test_X_slice_17.csv,12,9.536109924316406
2025-08-05 20:00:00,test_X_slice_17.csv,13,8.207393646240234
2025-08-05 21:00:00,test_X_slice_17.csv,14,6.339054584503174
2025-08-05 22:00:00,test_X_slice_17.csv,15,5.8404860496521
2025-08-05 23:00:00,test_X_slice_17.csv,16,5.332362174987793
2025-08-06 00:00:00,test_X_slice_17.csv,17,5.871155261993408
2025-08-06 01:00:00,test_X_slice_17.csv,18,5.472148418426514
2025-08-06 02:00:00,test_X_slice_17.csv,19,5.646189212799072
2025-08-06 03:00:00,test_X_slice_17.csv,20,5.7862677574157715
2025-08-06 04:00:00,test_X_slice_17.csv,21,5.948775768280029
2025-08-06 05:00:00,test_X_slice_17.csv,22,5.592822074890137
2025-08-06 06:00:00,test_X_slice_17.csv,23,9.020045280456543
2025-08-06 07:00:00,test_X_slice_17.csv,24,9.559927940368652
2025-08-01 06:00:00,test_X_slice_18.csv,1,7.061605453491211
2025-08-01 07:00:00,test_X_slice_18.csv,2,6.869187355041504
2025-08-01 08:00:00,test_X_slice_18.csv,3,10.416046142578125
2025-08-01 09:00:00,test_X_slice_18.csv,4,12.175838470458984
2025-08-01 10:00:00,test_X_slice_18.csv,5,12.173529624938965
2025-08-01 11:00:00,test_X_slice_18.csv,6,12.3844575881958
2025-08-01 12:00:00,test_X_slice_18.csv,7,12.535589218139648
2025-08-01 13:00:00,test_X_slice_18.csv,8,12.342628479003906
2025-08-01 14:00:00,test_X_slice_18.csv,9,12.267168998718262
2025-08-01 15:00:00,test_X_slice_18.csv,10,12.791770935058594
2025-08-01 16:00:00,test_X_slice_18.csv,11,12.007296562194824
2025-08-01 17:00:00,test_X_slice_18.csv,12,10.656693458557129
2025-08-01 18:00:00,test_X_slice_18.csv,13,9.93875789642334
2025-08-01 19:00:00,test_X_slice_18.csv,14,9.348847389221191
2025-08-01 20:00:00,test_X_slice_18.csv,15,8.394630432128906
2025-08-01 21:00:00,test_X_slice_18.csv,16,7.338612079620361
2025-08-01 22:00:00,test_X_slice_18.csv,17,5.993677616119385
2025-08-01 23:00:00,test_X_slice_18.csv,18,5.883064270019531
2025-08-02 00:00:00,test_X_slice_18.csv,19,5.630795001983643
2025-08-02 01:00:00,test_X_slice_18.csv,20,5.428367614746094
2025-08-02 02:00:00,test_X_slice_18.csv,21,5.346507549285889
2025-08-02 03:00:00,test_X_slice_18.csv,22,5.2680463790893555
2025-08-02 04:00:00,test_X_slice_18.csv,23,5.386918544769287
2025-08-02 05:00:00,test_X_slice_18.csv,24,5.258244514465332
2025-06-27 13:00:00,test_X_slice_19.csv,1,9.81004524230957
2025-06-27 14:00:00,test_X_slice_19.csv,2,14.028079986572266
2025-06-27 15:00:00,test_X_slice_19.csv,3,15.236379623413086
2025-06-27 16:00:00,test_X_slice_19.csv,4,13.168198585510254
2025-06-27 17:00:00,test_X_slice_19.csv,5,11.346755981445312
2025-06-27 18:00:00,test_X_slice_19.csv,6,11.15514087677002
2025-06-27 19:00:00,test_X_slice_19.csv,7,10.707135200500488
2025-06-27 20:00:00,test_X_slice_19.csv,8,10.59165096282959
2025-06-27 21:00:00,test_X_slice_19.csv,9,10.484308242797852
2025-06-27 22:00:00,test_X_slice_19.csv,10,9.040519714355469
2025-06-27 23:00:00,test_X_slice_19.csv,11,8.337048530578613
2025-06-28 00:00:00,test_X_slice_19.csv,12,8.538434982299805
2025-06-28 01:00:00,test_X_slice_19.csv,13,7.979501247406006
2025-06-28 02:00:00,test_X_slice_19.csv,14,7.67320442199707
2025-06-28 03:00:00,test_X_slice_19.csv,15,7.716781139373779
2025-06-28 04:00:00,test_X_slice_19.csv,16,8.312531471252441
2025-06-28 05:00:00,test_X_slice_19.csv,17,8.016532897949219
2025-06-28 06:00:00,test_X_slice_19.csv,18,10.298152923583984
2025-06-28 07:00:00,test_X_slice_19.csv,19,10.293153762817383
2025-06-28 08:00:00,test_X_slice_19.csv,20,12.25818157196045
2025-06-28 09:00:00,test_X_slice_19.csv,21,11.837297439575195
2025-06-28 10:00:00,test_X_slice_19.csv,22,12.11422061920166
2025-06-28 11:00:00,test_X_slice_19.csv,23,12.459052085876465
2025-06-28 12:00:00,test_X_slice_19.csv,24,12.205432891845703
2025-08-17 14:00:00,test_X_slice_20.csv,1,8.876542091369629
2025-08-17 15:00:00,test_X_slice_20.csv,2,9.073019981384277
2025-08-17 16:00:00,test_X_slice_20.csv,3,9.308491706848145
2025-08-17 17:00:00,test_X_slice_20.csv,4,8.932954788208008
2025-08-17 18:00:00,test_X_slice_20.csv,5,8.16201114654541
2025-08-17 19:00:00,test_X_slice_20.csv,6,6.145539283752441
2025-08-17 20:00:00,test_X_slice_20.csv,7,5.123223781585693
2025-08-17 21:00:00,test_X_slice_20.csv,8,3.813490629196167
2025-08-17 22:00:00,test_X_slice_20.csv,9,3.802074670791626
2025-08-17 23:00:00,test_X_slice_20.csv,10,2.915409803390503
2025-08-18 00:00:00,test_X_slice_20.csv,11,2.4298360347747803
2025-08-18 01:00:00,test_X_slice_20.csv,12,2.0765485763549805
2025-08-18 02:00:00,test_X_slice_20.csv,13,2.3436014652252197
2025-08-18 03:00:00,test_X_slice_20.csv,14,2.977113962173462
2025-08-18 04:00:00,test_X_slice_20.csv,15,2.884075164794922
2025-08-18 05:00:00,test_X_slice_20.csv,16,3.638228416442871
2025-08-18 06:00:00,test_X_slice_20.csv,17,6.8659515380859375
2025-08-18 07:00:00,test_X_slice_20.csv,18,7.889641284942627
2025-08-18 08:00:00,test_X_slice_20.csv,19,10.58041763305664
2025-08-18 09:00:00,test_X_slice_20.csv,20,12.21079158782959
2025-08-18 10:00:00,test_X_slice_20.csv,21,13.20898723602295
2025-08-18 11:00:00,test_X_slice_20.csv,22,13.571907997131348
2025-08-18 12:00:00,test_X_slice_20.csv,23,13.099230766296387
2025-08-18 13:00:00,test_X_slice_20.csv,24,14.330145835876465
2025-08-19 15:00:00,test_X_slice_21.csv,1,22.687482833862305
2025-08-19 16:00:00,test_X_slice_21.csv,2,21.381561279296875
2025-08-19 17:00:00,test_X_slice_21.csv,3,16.97591209411621
2025-08-19 18:00:00,test_X_slice_21.csv,4,15.503604888916016
2025-08-19 19:00:00,test_X_slice_21.csv,5,12.533509254455566
2025-08-19 20:00:00,test_X_slice_21.csv,6,12.765501976013184
2025-08-19 21:00:00,test_X_slice_21.csv,7,10.230594635009766
2025-08-19 22:00:00,test_X_slice_21.csv,8,9.87083911895752
2025-08-19 23:00:00,test_X_slice_21.csv,9,11.373939514160156
2025-08-20 00:00:00,test_X_slice_21.csv,10,10.518254280090332
2025-08-20 01:00:00,test_X_slice_21.csv,11,9.971784591674805
2025-08-20 02:00:00,test_X_slice_21.csv,12,8.990927696228027
2025-08-20 03:00:00,test_X_slice_21.csv,13,8.332741737365723
2025-08-20 04:00:00,test_X_slice_21.csv,14,7.563056945800781
2025-08-20 05:00:00,test_X_slice_21.csv,15,7.284926891326904
2025-08-20 06:00:00,test_X_slice_21.csv,16,7.961739540100098
2025-08-20 07:00:00,test_X_slice_21.csv,17,8.714506149291992
2025-08-20 08:00:00,test_X_slice_21.csv,18,11.675607681274414
2025-08-20 09:00:00,test_X_slice_21.csv,19,13.99327564239502
2025-08-20 10:00:00,test_X_slice_21.csv,20,14.931878089904785
2025-08-20 11:00:00,test_X_slice_21.csv,21,16.576120376586914
2025-08-20 12:00:00,test_X_slice_21.csv,22,16.971435546875
2025-08-20 13:00:00,test_X_slice_21.csv,23,17.471641540527344
2025-08-20 14:00:00,test_X_slice_21.csv,24,20.539459228515625
2025-07-22 01:00:00,test_X_slice_22.csv,1,5.858240604400635
2025-07-22 02:00:00,test_X_slice_22.csv,2,5.728299140930176
2025-07-22 03:00:00,test_X_slice_22.csv,3,4.862096786499023
2025-07-22 04:00:00,test_X_slice_22.csv,4,3.3217616081237793
2025-07-22 05:00:00,test_X_slice_22.csv,5,1.8764728307724
2025-07-22 06:00:00,test_X_slice_22.csv,6,3.6937644481658936
2025-07-22 07:00:00,test_X_slice_22.csv,7,6.277179718017578
2025-07-22 08:00:00,test_X_slice_22.csv,8,9.124017715454102
2025-07-22 09:00:00,test_X_slice_22.csv,9,10.376008987426758
2025-07-22 10:00:00,test_X_slice_22.csv,10,10.55997085571289
2025-07-22 11:00:00,test_X_slice_22.csv,11,9.853630065917969
2025-07-22 12:00:00,test_X_slice_22.csv,12,10.279515266418457
2025-07-22 13:00:00,test_X_slice_22.csv,13,10.333070755004883
2025-07-22 14:00:00,test_X_slice_22.csv,14,10.253286361694336
2025-07-22 15:00:00,test_X_slice_22.csv,15,10.27944278717041
2025-07-22 16:00:00,test_X_slice_22.csv,16,9.424428939819336
2025-07-22 17:00:00,test_X_slice_22.csv,17,7.785945892333984
2025-07-22 18:00:00,test_X_slice_22.csv,18,6.19605827331543
2025-07-22 19:00:00,test_X_slice_22.csv,19,4.961816787719727
2025-07-22 20:00:00,test_X_slice_22.csv,20,4.885708808898926
2025-07-22 21:00:00,test_X_slice_22.csv,21,5.75996208190918
2025-07-22 22:00:00,test_X_slice_22.csv,22,3.8455653190612793
2025-07-22 23:00:00,test_X_slice_22.csv,23,2.348101854324341
2025-07-23 00:00:00,test_X_slice_22.csv,24,0.554167628288269
2025-06-29 14:00:00,test_X_slice_23.csv,1,10.390361785888672
2025-06-29 15:00:00,test_X_slice_23.csv,2,10.14278507232666
2025-06-29 16:00:00,test_X_slice_23.csv,3,10.060567855834961
2025-06-29 17:00:00,test_X_slice_23.csv,4,8.546521186828613
2025-06-29 18:00:00,test_X_slice_23.csv,5,7.065630912780762
2025-06-29 19:00:00,test_X_slice_23.csv,6,5.080753803253174
2025-06-29 20:00:00,test_X_slice_23.csv,7,6.041093349456787
2025-06-29 21:00:00,test_X_slice_23.csv,8,7.258764266967773
2025-06-29 22:00:00,test_X_slice_23.csv,9,6.265382289886475
2025-06-29 23:00:00,test_X_slice_23.csv,10,6.940730094909668
2025-06-30 00:00:00,test_X_slice_23.csv,11,6.4734787940979
2025-06-30 01:00:00,test_X_slice_23.csv,12,7.273152828216553
2025-06-30 02:00:00,test_X_slice_23.csv,13,6.8965678215026855
2025-06-30 03:00:00,test_X_slice_23.csv,14,5.702852249145508
2025-06-30 04:00:00,test_X_slice_23.csv,15,4.675760269165039
2025-06-30 05:00:00,test_X_slice_23.csv,16,3.8797173500061035
2025-06-30 06:00:00,test_X_slice_23.csv,17,9.30632495880127
2025-06-30 07:00:00,test_X_slice_23.csv,18,9.550943374633789
2025-06-30 08:00:00,test_X_slice_23.csv,19,14.994738578796387
2025-06-30 09:00:00,test_X_slice_23.csv,20,18.3933162689209
2025-06-30 10:00:00,test_X_slice_23.csv,21,17.206363677978516
2025-06-30 11:00:00,test_X_slice_23.csv,22,16.73882484436035
2025-06-30 12:00:00,test_X_slice_23.csv,23,16.502338409423828
2025-06-30 13:00:00,test_X_slice_23.csv,24,15.97052001953125
2025-07-03 16:00:00,test_X_slice_24.csv,1,17.4932918548584
2025-07-03 17:00:00,test_X_slice_24.csv,2,14.281930923461914
2025-07-03 18:00:00,test_X_slice_24.csv,3,13.39818286895752
2025-07-03 19:00:00,test_X_slice_24.csv,4,11.535061836242676
2025-07-03 20:00:00,test_X_slice_24.csv,5,11.427273750305176
2025-07-03 21:00:00,test_X_slice_24.csv,6,11.190587043762207
2025-07-03 22:00:00,test_X_slice_24.csv,7,9.490262985229492
2025-07-03 23:00:00,test_X_slice_24.csv,8,9.324060440063477
2025-07-04 00:00:00,test_X_slice_24.csv,9,9.101263046264648
2025-07-04 01:00:00,test_X_slice_24.csv,10,9.085622787475586
2025-07-04 02:00:00,test_X_slice_24.csv,11,9.038359642028809
2025-07-04 03:00:00,test_X_slice_24.csv,12,9.14192008972168
2025-07-04 04:00:00,test_X_slice_24.csv,13,9.498764991760254
2025-07-04 05:00:00,test_X_slice_24.csv,14,8.417545318603516
2025-07-04 06:00:00,test_X_slice_24.csv,15,9.242135047912598
2025-07-04 07:00:00,test_X_slice_24.csv,16,10.090659141540527
2025-07-04 08:00:00,test_X_slice_24.csv,17,13.676874160766602
2025-07-04 09:00:00,test_X_slice_24.csv,18,15.705411911010742
2025-07-04 10:00:00,test_X_slice_24.csv,19,15.501840591430664
2025-07-04 11:00:00,test_X_slice_24.csv,20,14.231331825256348
2025-07-04 12:00:00,test_X_slice_24.csv,21,14.68319320678711
2025-07-04 13:00:00,test_X_slice_24.csv,22,14.769129753112793
2025-07-04 14:00:00,test_X_slice_24.csv,23,14.804926872253418
2025-07-04 15:00:00,test_X_slice_24.csv,24,15.150394439697266
2025-06-09 04:00:00,test_X_slice_25.csv,1,4.670626163482666
2025-06-09 05:00:00,test_X_slice_25.csv,2,3.593430757522583
2025-06-09 06:00:00,test_X_slice_25.csv,3,6.72356653213501
2025-06-09 07:00:00,test_X_slice_25.csv,4,7.946493625640869
2025-06-09 08:00:00,test_X_slice_25.csv,5,8.181102752685547
2025-06-09 09:00:00,test_X_slice_25.csv,6,8.083270072937012
2025-06-09 10:00:00,test_X_slice_25.csv,7,7.815623760223389
2025-06-09 11:00:00,test_X_slice_25.csv,8,7.9537129402160645
2025-06-09 12:00:00,test_X_slice_25.csv,9,8.235796928405762
2025-06-09 13:00:00,test_X_slice_25.csv,10,8.926166534423828
2025-06-09 14:00:00,test_X_slice_25.csv,11,9.302602767944336
2025-06-09 15:00:00,test_X_slice_25.csv,12,9.867783546447754
2025-06-09 16:00:00,test_X_slice_25.csv,13,11.187905311584473
2025-06-09 17:00:00,test_X_slice_25.csv,14,10.529909133911133
2025-06-09 18:00:00,test_X_slice_25.csv,15,9.86255168914795
2025-06-09 19:00:00,test_X_slice_25.csv,16,10.088653564453125
2025-06-09 20:00:00,test_X_slice_25.csv,17,8.913182258605957
2025-06-09 21:00:00,test_X_slice_25.csv,18,7.560990333557129
2025-06-09 22:00:00,test_X_slice_25.csv,19,5.637270927429199
2025-06-09 23:00:00,test_X_slice_25.csv,20,6.472227573394775
2025-06-10 00:00:00,test_X_slice_25.csv,21,5.562519073486328
2025-06-10 01:00:00,test_X_slice_25.csv,22,4.8783745765686035
2025-06-10 02:00:00,test_X_slice_25.csv,23,5.3417158126831055
2025-06-10 03:00:00,test_X_slice_25.csv,24,4.955597400665283
2025-08-21 16:00:00,test_X_slice_26.csv,1,13.61371898651123
2025-08-21 17:00:00,test_X_slice_26.csv,2,12.046257019042969
2025-08-21 18:00:00,test_X_slice_26.csv,3,9.787088394165039
2025-08-21 19:00:00,test_X_slice_26.csv,4,7.731611251831055
2025-08-21 20:00:00,test_X_slice_26.csv,5,6.904259204864502
2025-08-21 21:00:00,test_X_slice_26.csv,6,6.292291164398193
2025-08-21 22:00:00,test_X_slice_26.csv,7,8.088885307312012
2025-08-21 23:00:00,test_X_slice_26.csv,8,9.896074295043945
2025-08-22 00:00:00,test_X_slice_26.csv,9,9.305460929870605
2025-08-22 01:00:00,test_X_slice_26.csv,10,8.637373924255371
2025-08-22 02:00:00,test_X_slice_26.csv,11,7.85481071472168
2025-08-22 03:00:00,test_X_slice_26.csv,12,6.340917110443115
2025-08-22 04:00:00,test_X_slice_26.csv,13,6.029750347137451
2025-08-22 05:00:00,test_X_slice_26.csv,14,4.794628620147705
2025-08-22 06:00:00,test_X_slice_26.csv,15,7.243974208831787
2025-08-22 07:00:00,test_X_slice_26.csv,16,7.932877063751221
2025-08-22 08:00:00,test_X_slice_26.csv,17,9.946831703186035
2025-08-22 09:00:00,test_X_slice_26.csv,18,13.023920059204102
2025-08-22 10:00:00,test_X_slice_26.csv,19,13.792969703674316
2025-08-22 11:00:00,test_X_slice_26.csv,20,13.794816017150879
2025-08-22 12:00:00,test_X_slice_26.csv,21,14.627859115600586
2025-08-22 13:00:00,test_X_slice_26.csv,22,14.387003898620605
2025-08-22 14:00:00,test_X_slice_26.csv,23,14.636934280395508
2025-08-22 15:00:00,test_X_slice_26.csv,24,15.713685035705566
2025-07-13 21:00:00,test_X_slice_27.csv,1,7.84081506729126
2025-07-13 22:00:00,test_X_slice_27.csv,2,7.0136823654174805
2025-07-13 23:00:00,test_X_slice_27.csv,3,6.651450157165527
2025-07-14 00:00:00,test_X_slice_27.csv,4,6.7864766120910645
2025-07-14 01:00:00,test_X_slice_27.csv,5,6.027669906616211
2025-07-14 02:00:00,test_X_slice_27.csv,6,5.977426052093506
2025-07-14 03:00:00,test_X_slice_27.csv,7,5.756188869476318
2025-07-14 04:00:00,test_X_slice_27.csv,8,5.3003082275390625
2025-07-14 05:00:00,test_X_slice_27.csv,9,5.279221057891846
2025-07-14 06:00:00,test_X_slice_27.csv,10,8.292200088500977
2025-07-14 07:00:00,test_X_slice_27.csv,11,9.38381290435791
2025-07-14 08:00:00,test_X_slice_27.csv,12,12.837063789367676
2025-07-14 09:00:00,test_X_slice_27.csv,13,14.484172821044922
2025-07-14 10:00:00,test_X_slice_27.csv,14,16.83563995361328
2025-07-14 11:00:00,test_X_slice_27.csv,15,17.323837280273438
2025-07-14 12:00:00,test_X_slice_27.csv,16,17.47646141052246
2025-07-14 13:00:00,test_X_slice_27.csv,17,17.570127487182617
2025-07-14 14:00:00,test_X_slice_27.csv,18,18.510438919067383
2025-07-14 15:00:00,test_X_slice_27.csv,19,18.049488067626953
2025-07-14 16:00:00,test_X_slice_27.csv,20,14.82807731628418
2025-07-14 17:00:00,test_X_slice_27.csv,21,13.463722229003906
2025-07-14 18:00:00,test_X_slice_27.csv,22,11.40383243560791
2025-07-14 19:00:00,test_X_slice_27.csv,23,10.885246276855469
2025-07-14 20:00:00,test_X_slice_27.csv,24,9.783071517944336
2025-07-28 04:00:00,test_X_slice_28.csv,1,1.4959242343902588
2025-07-28 05:00:00,test_X_slice_28.csv,2,3.7367100715637207
2025-07-28 06:00:00,test_X_slice_28.csv,3,3.9593591690063477
2025-07-28 07:00:00,test_X_slice_28.csv,4,7.205407619476318
2025-07-28 08:00:00,test_X_slice_28.csv,5,9.237364768981934
2025-07-28 09:00:00,test_X_slice_28.csv,6,10.786802291870117
2025-07-28 10:00:00,test_X_slice_28.csv,7,10.95018482208252
2025-07-28 11:00:00,test_X_slice_28.csv,8,11.017913818359375
2025-07-28 12:00:00,test_X_slice_28.csv,9,10.949687957763672
2025-07-28 13:00:00,test_X_slice_28.csv,10,11.592769622802734
2025-07-28 14:00:00,test_X_slice_28.csv,11,12.592628479003906
2025-07-28 15:00:00,test_X_slice_28.csv,12,12.645487785339355
2025-07-28 16:00:00,test_X_slice_28.csv,13,11.828628540039062
2025-07-28 17:00:00,test_X_slice_28.csv,14,10.189030647277832
2025-07-28 18:00:00,test_X_slice_28.csv,15,9.018841743469238
2025-07-28 19:00:00,test_X_slice_28.csv,16,7.787859916687012
2025-07-28 20:00:00,test_X_slice_28.csv,17,7.102322101593018
2025-07-28 21:00:00,test_X_slice_28.csv,18,7.044551372528076
2025-07-28 22:00:00,test_X_slice_28.csv,19,5.6970109939575195
2025-07-28 23:00:00,test_X_slice_28.csv,20,4.661401271820068
2025-07-29 00:00:00,test_X_slice_28.csv,21,4.128599166870117
2025-07-29 01:00:00,test_X_slice_28.csv,22,3.848673105239868
2025-07-29 02:00:00,test_X_slice_28.csv,23,3.7118844985961914
2025-07-29 03:00:00,test_X_slice_28.csv,24,3.812535285949707
2025-06-03 01:00:00,test_X_slice_29.csv,1,-3.4803967475891113
2025-06-03 02:00:00,test_X_slice_29.csv,2,-1.2248170375823975
2025-06-03 03:00:00,test_X_slice_29.csv,3,4.711887359619141
2025-06-03 04:00:00,test_X_slice_29.csv,4,5.489099025726318
2025-06-03 05:00:00,test_X_slice_29.csv,5,6.895786762237549
2025-06-03 06:00:00,test_X_slice_29.csv,6,8.543486595153809
2025-06-03 07:00:00,test_X_slice_29.csv,7,9.372713088989258
2025-06-03 08:00:00,test_X_slice_29.csv,8,13.170768737792969
2025-06-03 09:00:00,test_X_slice_29.csv,9,15.401384353637695
2025-06-03 10:00:00,test_X_slice_29.csv,10,16.42632293701172
2025-06-03 11:00:00,test_X_slice_29.csv,11,18.630138397216797
2025-06-03 12:00:00,test_X_slice_29.csv,12,18.9816837310791
2025-06-03 13:00:00,test_X_slice_29.csv,13,17.592966079711914
2025-06-03 14:00:00,test_X_slice_29.csv,14,16.316923141479492
2025-06-03 15:00:00,test_X_slice_29.csv,15,14.577239036560059
2025-06-03 16:00:00,test_X_slice_29.csv,16,12.990131378173828
2025-06-03 17:00:00,test_X_slice_29.csv,17,9.683754920959473
2025-06-03 18:00:00,test_X_slice_29.csv,18,7.756609916687012
2025-06-03 19:00:00,test_X_slice_29.csv,19,5.736293792724609
2025-06-03 20:00:00,test_X_slice_29.csv,20,3.979158639907837
2025-06-03 21:00:00,test_X_slice_29.csv,21,3.158245801925659
2025-06-03 22:00:00,test_X_slice_29.csv,22,3.260342836380005
2025-06-03 23:00:00,test_X_slice_29.csv,23,2.09320068359375
2025-06-04 00:00:00,test_X_slice_29.csv,24,1.6928019523620605
2025-07-15 22:00:00,test_X_slice_30.csv,1,8.648649215698242
2025-07-15 23:00:00,test_X_slice_30.csv,2,7.613081932067871
2025-07-16 00:00:00,test_X_slice_30.csv,3,7.543519973754883
2025-07-16 01:00:00,test_X_slice_30.csv,4,7.609249114990234
2025-07-16 02:00:00,test_X_slice_30.csv,5,7.835554599761963
2025-07-16 03:00:00,test_X_slice_30.csv,6,7.388890266418457
2025-07-16 04:00:00,test_X_slice_30.csv,7,7.442736625671387
2025-07-16 05:00:00,test_X_slice_30.csv,8,6.234927654266357
2025-07-16 06:00:00,test_X_slice_30.csv,9,7.619655609130859
2025-07-16 07:00:00,test_X_slice_30.csv,10,7.787013053894043
2025-07-16 08:00:00,test_X_slice_30.csv,11,13.35580825805664
2025-07-16 09:00:00,test_X_slice_30.csv,12,16.768739700317383
2025-07-16 10:00:00,test_X_slice_30.csv,13,18.28638458251953
2025-07-16 11:00:00,test_X_slice_30.csv,14,21.378320693969727
2025-07-16 12:00:00,test_X_slice_30.csv,15,22.310836791992188
2025-07-16 13:00:00,test_X_slice_30.csv,16,23.52240753173828
2025-07-16 14:00:00,test_X_slice_30.csv,17,21.245630264282227
2025-07-16 15:00:00,test_X_slice_30.csv,18,19.838134765625
2025-07-16 16:00:00,test_X_slice_30.csv,19,15.442071914672852
2025-07-16 17:00:00,test_X_slice_30.csv,20,13.980329513549805
2025-07-16 18:00:00,test_X_slice_30.csv,21,10.68062973022461
2025-07-16 19:00:00,test_X_slice_30.csv,22,8.419095993041992
2025-07-16 20:00:00,test_X_slice_30.csv,23,7.604009628295898
2025-07-16 21:00:00,test_X_slice_30.csv,24,6.432035446166992
2025-07-01 15:00:00,test_X_slice_31.csv,1,16.488576889038086
2025-07-01 16:00:00,test_X_slice_31.csv,2,16.105911254882812
2025-07-01 17:00:00,test_X_slice_31.csv,3,15.800209045410156
2025-07-01 18:00:00,test_X_slice_31.csv,4,13.113155364990234
2025-07-01 19:00:00,test_X_slice_31.csv,5,12.07967472076416
2025-07-01 20:00:00,test_X_slice_31.csv,6,12.348367691040039
2025-07-01 21:00:00,test_X_slice_31.csv,7,11.933019638061523
2025-07-01 22:00:00,test_X_slice_31.csv,8,10.4711332321167
2025-07-01 23:00:00,test_X_slice_31.csv,9,10.02910041809082
2025-07-02 00:00:00,test_X_slice_31.csv,10,10.756388664245605
2025-07-02 01:00:00,test_X_slice_31.csv,11,9.965102195739746
2025-07-02 02:00:00,test_X_slice_31.csv,12,9.658764839172363
2025-07-02 03:00:00,test_X_slice_31.csv,13,9.515676498413086
2025-07-02 04:00:00,test_X_slice_31.csv,14,9.32902717590332
2025-07-02 05:00:00,test_X_slice_31.csv,15,9.54918098449707
2025-07-02 06:00:00,test_X_slice_31.csv,16,11.286285400390625
2025-07-02 07:00:00,test_X_slice_31.csv,17,11.633460998535156
2025-07-02 08:00:00,test_X_slice_31.csv,18,16.50050926208496
2025-07-02 09:00:00,test_X_slice_31.csv,19,17.196453094482422
2025-07-02 10:00:00,test_X_slice_31.csv,20,21.116374969482422
2025-07-02 11:00:00,test_X_slice_31.csv,21,24.89874267578125
2025-07-02 12:00:00,test_X_slice_31.csv,22,24.981115341186523
2025-07-02 13:00:00,test_X_slice_31.csv,23,24.999652862548828
2025-07-02 14:00:00,test_X_slice_31.csv,24,20.618057250976562
2025-07-26 03:00:00,test_X_slice_32.csv,1,4.525280952453613
2025-07-26 04:00:00,test_X_slice_32.csv,2,4.5568084716796875
2025-07-26 05:00:00,test_X_slice_32.csv,3,4.569094657897949
2025-07-26 06:00:00,test_X_slice_32.csv,4,4.235330581665039
2025-07-26 07:00:00,test_X_slice_32.csv,5,4.593876838684082
2025-07-26 08:00:00,test_X_slice_32.csv,6,6.4159746170043945
2025-07-26 09:00:00,test_X_slice_32.csv,7,7.153365135192871
2025-07-26 10:00:00,test_X_slice_32.csv,8,8.202579498291016
2025-07-26 11:00:00,test_X_slice_32.csv,9,8.778634071350098
2025-07-26 12:00:00,test_X_slice_32.csv,10,9.336760520935059
2025-07-26 13:00:00,test_X_slice_32.csv,11,9.8902006149292
2025-07-26 14:00:00,test_X_slice_32.csv,12,10.059272766113281
2025-07-26 15:00:00,test_X_slice_32.csv,13,10.292357444763184
2025-07-26 16:00:00,test_X_slice_32.csv,14,10.002070426940918
2025-07-26 17:00:00,test_X_slice_32.csv,15,9.424598693847656
2025-07-26 18:00:00,test_X_slice_32.csv,16,9.063143730163574
2025-07-26 19:00:00,test_X_slice_32.csv,17,8.74732494354248
2025-07-26 20:00:00,test_X_slice_32.csv,18,8.905603408813477
2025-07-26 21:00:00,test_X_slice_32.csv,19,6.7385687828063965
2025-07-26 22:00:00,test_X_slice_32.csv,20,5.56480073928833
2025-07-26 23:00:00,test_X_slice_32.csv,21,5.570916175842285
2025-07-27 00:00:00,test_X_slice_32.csv,22,5.112481594085693
2025-07-27 01:00:00,test_X_slice_32.csv,23,4.736343860626221
2025-07-27 02:00:00,test_X_slice_32.csv,24,3.744373083114624
2025-07-09 19:00:00,test_X_slice_33.csv,1,11.20138931274414
2025-07-09 20:00:00,test_X_slice_33.csv,2,10.779053688049316
2025-07-09 21:00:00,test_X_slice_33.csv,3,9.021360397338867
2025-07-09 22:00:00,test_X_slice_33.csv,4,7.412174701690674
2025-07-09 23:00:00,test_X_slice_33.csv,5,7.419870376586914
2025-07-10 00:00:00,test_X_slice_33.csv,6,7.337170124053955
2025-07-10 01:00:00,test_X_slice_33.csv,7,6.533098220825195
2025-07-10 02:00:00,test_X_slice_33.csv,8,6.93240213394165
2025-07-10 03:00:00,test_X_slice_33.csv,9,7.15256404876709
2025-07-10 04:00:00,test_X_slice_33.csv,10,5.771839618682861
2025-07-10 05:00:00,test_X_slice_33.csv,11,5.501674652099609
2025-07-10 06:00:00,test_X_slice_33.csv,12,8.761357307434082
2025-07-10 07:00:00,test_X_slice_33.csv,13,9.661231994628906
2025-07-10 08:00:00,test_X_slice_33.csv,14,15.089635848999023
2025-07-10 09:00:00,test_X_slice_33.csv,15,21.06949234008789
2025-07-10 10:00:00,test_X_slice_33.csv,16,23.566381454467773
2025-07-10 11:00:00,test_X_slice_33.csv,17,22.62939453125
2025-07-10 12:00:00,test_X_slice_33.csv,18,21.546630859375
2025-07-10 13:00:00,test_X_slice_33.csv,19,19.76863670349121
2025-07-10 14:00:00,test_X_slice_33.csv,20,20.281200408935547
2025-07-10 15:00:00,test_X_slice_33.csv,21,19.999116897583008
2025-07-10 16:00:00,test_X_slice_33.csv,22,16.069175720214844
2025-07-10 17:00:00,test_X_slice_33.csv,23,11.646936416625977
2025-07-10 18:00:00,test_X_slice_33.csv,24,9.367067337036133
2025-06-13 06:00:00,test_X_slice_34.csv,1,7.26543664932251
2025-06-13 07:00:00,test_X_slice_34.csv,2,9.28357219696045
2025-06-13 08:00:00,test_X_slice_34.csv,3,11.995945930480957
2025-06-13 09:00:00,test_X_slice_34.csv,4,13.67322826385498
2025-06-13 10:00:00,test_X_slice_34.csv,5,13.819527626037598
2025-06-13 11:00:00,test_X_slice_34.csv,6,13.210039138793945
2025-06-13 12:00:00,test_X_slice_34.csv,7,13.377124786376953
2025-06-13 13:00:00,test_X_slice_34.csv,8,13.030734062194824
2025-06-13 14:00:00,test_X_slice_34.csv,9,13.593352317810059
2025-06-13 15:00:00,test_X_slice_34.csv,10,13.131265640258789
2025-06-13 16:00:00,test_X_slice_34.csv,11,12.19001293182373
2025-06-13 17:00:00,test_X_slice_34.csv,12,10.6707763671875
2025-06-13 18:00:00,test_X_slice_34.csv,13,10.56595230102539
2025-06-13 19:00:00,test_X_slice_34.csv,14,10.812793731689453
2025-06-13 20:00:00,test_X_slice_34.csv,15,11.094799041748047
2025-06-13 21:00:00,test_X_slice_34.csv,16,11.048158645629883
2025-06-13 22:00:00,test_X_slice_34.csv,17,10.606560707092285
2025-06-13 23:00:00,test_X_slice_34.csv,18,10.448014259338379
2025-06-14 00:00:00,test_X_slice_34.csv,19,10.693142890930176
2025-06-14 01:00:00,test_X_slice_34.csv,20,10.1458101272583
2025-06-14 02:00:00,test_X_slice_34.csv,21,9.566600799560547
2025-06-14 03:00:00,test_X_slice_34.csv,22,8.808408737182617
2025-06-14 04:00:00,test_X_slice_34.csv,23,8.648033142089844
2025-06-14 05:00:00,test_X_slice_34.csv,24,8.709977149963379
2025-07-20 00:00:00,test_X_slice_35.csv,1,7.708316326141357
2025-07-20 01:00:00,test_X_slice_35.csv,2,7.450127124786377
2025-07-20 02:00:00,test_X_slice_35.csv,3,7.123658180236816
2025-07-20 03:00:00,test_X_slice_35.csv,4,6.914758682250977
2025-07-20 04:00:00,test_X_slice_35.csv,5,6.954388618469238
2025-07-20 05:00:00,test_X_slice_35.csv,6,7.121363639831543
2025-07-20 06:00:00,test_X_slice_35.csv,7,6.188448905944824
2025-07-20 07:00:00,test_X_slice_35.csv,8,6.563393592834473
2025-07-20 08:00:00,test_X_slice_35.csv,9,7.0985612869262695
2025-07-20 09:00:00,test_X_slice_35.csv,10,6.689365863800049
2025-07-20 10:00:00,test_X_slice_35.csv,11,6.797980785369873
2025-07-20 11:00:00,test_X_slice_35.csv,12,6.139598369598389
2025-07-20 12:00:00,test_X_slice_35.csv,13,6.297294616699219
2025-07-20 13:00:00,test_X_slice_35.csv,14,6.9450201988220215
2025-07-20 14:00:00,test_X_slice_35.csv,15,6.497582912445068
2025-07-20 15:00:00,test_X_slice_35.csv,16,6.247912406921387
2025-07-20 16:00:00,test_X_slice_35.csv,17,5.155004501342773
2025-07-20 17:00:00,test_X_slice_35.csv,18,3.5078978538513184
2025-07-20 18:00:00,test_X_slice_35.csv,19,4.366340160369873
2025-07-20 19:00:00,test_X_slice_35.csv,20,3.641892910003662
2025-07-20 20:00:00,test_X_slice_35.csv,21,3.27496075630188
2025-07-20 21:00:00,test_X_slice_35.csv,22,3.0357091426849365
2025-07-20 22:00:00,test_X_slice_35.csv,23,4.559730529785156
2025-07-20 23:00:00,test_X_slice_35.csv,24,4.536770343780518
2025-06-05 02:00:00,test_X_slice_36.csv,1,3.222362518310547
2025-06-05 03:00:00,test_X_slice_36.csv,2,0.992840051651001
2025-06-05 04:00:00,test_X_slice_36.csv,3,0.6962555050849915
2025-06-05 05:00:00,test_X_slice_36.csv,4,1.452726125717163
2025-06-05 06:00:00,test_X_slice_36.csv,5,2.4158260822296143
2025-06-05 07:00:00,test_X_slice_36.csv,6,4.402415752410889
2025-06-05 08:00:00,test_X_slice_36.csv,7,8.756714820861816
2025-06-05 09:00:00,test_X_slice_36.csv,8,10.7877836227417
2025-06-05 10:00:00,test_X_slice_36.csv,9,13.464299201965332
2025-06-05 11:00:00,test_X_slice_36.csv,10,14.41040325164795
2025-06-05 12:00:00,test_X_slice_36.csv,11,15.338823318481445
2025-06-05 13:00:00,test_X_slice_36.csv,12,15.613945960998535
2025-06-05 14:00:00,test_X_slice_36.csv,13,16.672819137573242
2025-06-05 15:00:00,test_X_slice_36.csv,14,17.31074333190918
2025-06-05 16:00:00,test_X_slice_36.csv,15,14.476338386535645
2025-06-05 17:00:00,test_X_slice_36.csv,16,12.463373184204102
2025-06-05 18:00:00,test_X_slice_36.csv,17,10.443275451660156
2025-06-05 19:00:00,test_X_slice_36.csv,18,7.950003623962402
2025-06-05 20:00:00,test_X_slice_36.csv,19,5.799831867218018
2025-06-05 21:00:00,test_X_slice_36.csv,20,4.482877731323242
2025-06-05 22:00:00,test_X_slice_36.csv,21,1.9844083786010742
2025-06-05 23:00:00,test_X_slice_36.csv,22,-0.32678961753845215
2025-06-06 00:00:00,test_X_slice_36.csv,23,0.5990509390830994
2025-06-06 01:00:00,test_X_slice_36.csv,24,0.7547109723091125
2025-06-23 11:00:00,test_X_slice_37.csv,1,22.016630172729492
2025-06-23 12:00:00,test_X_slice_37.csv,2,20.19186782836914
2025-06-23 13:00:00,test_X_slice_37.csv,3,22.772647857666016
2025-06-23 14:00:00,test_X_slice_37.csv,4,22.412460327148438
2025-06-23 15:00:00,test_X_slice_37.csv,5,20.22754669189453
2025-06-23 16:00:00,test_X_slice_37.csv,6,16.24797821044922
2025-06-23 17:00:00,test_X_slice_37.csv,7,12.390337944030762
2025-06-23 18:00:00,test_X_slice_37.csv,8,9.85140609741211
2025-06-23 19:00:00,test_X_slice_37.csv,9,8.232170104980469
2025-06-23 20:00:00,test_X_slice_37.csv,10,7.041739463806152
2025-06-23 21:00:00,test_X_slice_37.csv,11,5.4680609703063965
2025-06-23 22:00:00,test_X_slice_37.csv,12,7.358246803283691
2025-06-23 23:00:00,test_X_slice_37.csv,13,5.078935146331787
2025-06-24 00:00:00,test_X_slice_37.csv,14,9.421042442321777
2025-06-24 01:00:00,test_X_slice_37.csv,15,7.8392791748046875
2025-06-24 02:00:00,test_X_slice_37.csv,16,7.116381645202637
2025-06-24 03:00:00,test_X_slice_37.csv,17,6.723012447357178
2025-06-24 04:00:00,test_X_slice_37.csv,18,5.324150085449219
2025-06-24 05:00:00,test_X_slice_37.csv,19,5.503606796264648
2025-06-24 06:00:00,test_X_slice_37.csv,20,7.921018123626709
2025-06-24 07:00:00,test_X_slice_37.csv,21,7.950366497039795
2025-06-24 08:00:00,test_X_slice_37.csv,22,14.978628158569336
2025-06-24 09:00:00,test_X_slice_37.csv,23,19.5279541015625
2025-06-24 10:00:00,test_X_slice_37.csv,24,20.885343551635742
2025-08-13 12:00:00,test_X_slice_38.csv,1,21.640689849853516
2025-08-13 13:00:00,test_X_slice_38.csv,2,23.205984115600586
2025-08-13 14:00:00,test_X_slice_38.csv,3,25.856611251831055
2025-08-13 15:00:00,test_X_slice_38.csv,4,27.93686294555664
2025-08-13 16:00:00,test_X_slice_38.csv,5,23.417871475219727
2025-08-13 17:00:00,test_X_slice_38.csv,6,20.352676391601562
2025-08-13 18:00:00,test_X_slice_38.csv,7,15.53398323059082
2025-08-13 19:00:00,test_X_slice_38.csv,8,13.21019458770752
2025-08-13 20:00:00,test_X_slice_38.csv,9,12.475032806396484
2025-08-13 21:00:00,test_X_slice_38.csv,10,12.451096534729004
2025-08-13 22:00:00,test_X_slice_38.csv,11,11.492076873779297
2025-08-13 23:00:00,test_X_slice_38.csv,12,10.568374633789062
2025-08-14 00:00:00,test_X_slice_38.csv,13,10.239388465881348
2025-08-14 01:00:00,test_X_slice_38.csv,14,10.585162162780762
2025-08-14 02:00:00,test_X_slice_38.csv,15,10.020654678344727
2025-08-14 03:00:00,test_X_slice_38.csv,16,9.878300666809082
2025-08-14 04:00:00,test_X_slice_38.csv,17,9.215112686157227
2025-08-14 05:00:00,test_X_slice_38.csv,18,9.00890827178955
2025-08-14 06:00:00,test_X_slice_38.csv,19,10.529550552368164
2025-08-14 07:00:00,test_X_slice_38.csv,20,11.228802680969238
2025-08-14 08:00:00,test_X_slice_38.csv,21,16.756013870239258
2025-08-14 09:00:00,test_X_slice_38.csv,22,20.57191276550293
2025-08-14 10:00:00,test_X_slice_38.csv,23,21.003328323364258
2025-08-14 11:00:00,test_X_slice_38.csv,24,24.286718368530273
2025-06-07 03:00:00,test_X_slice_39.csv,1,5.397229194641113
2025-06-07 04:00:00,test_X_slice_39.csv,2,4.669204235076904
2025-06-07 05:00:00,test_X_slice_39.csv,3,3.3592607975006104
2025-06-07 06:00:00,test_X_slice_39.csv,4,1.0490440130233765
2025-06-07 07:00:00,test_X_slice_39.csv,5,0.9395849704742432
2025-06-07 08:00:00,test_X_slice_39.csv,6,1.637738585472107
2025-06-07 09:00:00,test_X_slice_39.csv,7,3.67966628074646
2025-06-07 10:00:00,test_X_slice_39.csv,8,8.13818359375
2025-06-07 11:00:00,test_X_slice_39.csv,9,7.897537708282471
2025-06-07 12:00:00,test_X_slice_39.csv,10,6.7117767333984375
2025-06-07 13:00:00,test_X_slice_39.csv,11,5.5873613357543945
2025-06-07 14:00:00,test_X_slice_39.csv,12,4.894371032714844
2025-06-07 15:00:00,test_X_slice_39.csv,13,4.07582426071167
2025-06-07 16:00:00,test_X_slice_39.csv,14,2.714155673980713
2025-06-07 17:00:00,test_X_slice_39.csv,15,1.2854163646697998
2025-06-07 18:00:00,test_X_slice_39.csv,16,-0.8183857202529907
2025-06-07 19:00:00,test_X_slice_39.csv,17,-0.1500665694475174
2025-06-07 20:00:00,test_X_slice_39.csv,18,0.40596693754196167
2025-06-07 21:00:00,test_X_slice_39.csv,19,1.0820900201797485
2025-06-07 22:00:00,test_X_slice_39.csv,20,1.125494122505188
2025-06-07 23:00:00,test_X_slice_39.csv,21,1.4592450857162476
2025-06-08 00:00:00,test_X_slice_39.csv,22,1.9789444208145142
2025-06-08 01:00:00,test_X_slice_39.csv,23,2.4964685440063477
2025-06-08 02:00:00,test_X_slice_39.csv,24,2.4519801139831543
2025-07-17 23:00:00,test_X_slice_40.csv,1,6.100809574127197
2025-07-18 00:00:00,test_X_slice_40.csv,2,6.5078582763671875
2025-07-18 01:00:00,test_X_slice_40.csv,3,6.064611911773682
2025-07-18 02:00:00,test_X_slice_40.csv,4,5.954066276550293
2025-07-18 03:00:00,test_X_slice_40.csv,5,5.927523136138916
2025-07-18 04:00:00,test_X_slice_40.csv,6,5.584682464599609
2025-07-18 05:00:00,test_X_slice_40.csv,7,5.623297214508057
2025-07-18 06:00:00,test_X_slice_40.csv,8,8.846824645996094
2025-07-18 07:00:00,test_X_slice_40.csv,9,9.735589027404785
2025-07-18 08:00:00,test_X_slice_40.csv,10,14.747648239135742
2025-07-18 09:00:00,test_X_slice_40.csv,11,18.986351013183594
2025-07-18 10:00:00,test_X_slice_40.csv,12,20.889015197753906
2025-07-18 11:00:00,test_X_slice_40.csv,13,21.231401443481445
2025-07-18 12:00:00,test_X_slice_40.csv,14,20.713645935058594
2025-07-18 13:00:00,test_X_slice_40.csv,15,20.038463592529297
2025-07-18 14:00:00,test_X_slice_40.csv,16,19.649965286254883
2025-07-18 15:00:00,test_X_slice_40.csv,17,18.685211181640625
2025-07-18 16:00:00,test_X_slice_40.csv,18,16.83238410949707
2025-07-18 17:00:00,test_X_slice_40.csv,19,13.684762954711914
2025-07-18 18:00:00,test_X_slice_40.csv,20,11.215458869934082
2025-07-18 19:00:00,test_X_slice_40.csv,21,9.343463897705078
2025-07-18 20:00:00,test_X_slice_40.csv,22,8.050637245178223
2025-07-18 21:00:00,test_X_slice_40.csv,23,7.630677223205566
2025-07-18 22:00:00,test_X_slice_40.csv,24,6.04456901550293
2025-06-01 00:00:00,test_X_slice_41.csv,1,4.543164253234863
2025-06-01 01:00:00,test_X_slice_41.csv,2,4.3296799659729
2025-06-01 02:00:00,test_X_slice_41.csv,3,3.928489923477173
2025-06-01 03:00:00,test_X_slice_41.csv,4,2.533613920211792
2025-06-01 04:00:00,test_X_slice_41.csv,5,0.5268584489822388
2025-06-01 05:00:00,test_X_slice_41.csv,6,1.4433201551437378
2025-06-01 06:00:00,test_X_slice_41.csv,7,2.209998846054077
2025-06-01 07:00:00,test_X_slice_41.csv,8,4.095738410949707
2025-06-01 08:00:00,test_X_slice_41.csv,9,7.354063987731934
2025-06-01 09:00:00,test_X_slice_41.csv,10,7.970707893371582
2025-06-01 10:00:00,test_X_slice_41.csv,11,6.276569843292236
2025-06-01 11:00:00,test_X_slice_41.csv,12,5.3731560707092285
2025-06-01 12:00:00,test_X_slice_41.csv,13,5.1660261154174805
2025-06-01 13:00:00,test_X_slice_41.csv,14,4.6984639167785645
2025-06-01 14:00:00,test_X_slice_41.csv,15,5.011516094207764
2025-06-01 15:00:00,test_X_slice_41.csv,16,5.682767868041992
2025-06-01 16:00:00,test_X_slice_41.csv,17,7.475311756134033
2025-06-01 17:00:00,test_X_slice_41.csv,18,7.290350437164307
2025-06-01 18:00:00,test_X_slice_41.csv,19,5.631148815155029
2025-06-01 19:00:00,test_X_slice_41.csv,20,5.199526309967041
2025-06-01 20:00:00,test_X_slice_41.csv,21,5.36317253112793
2025-06-01 21:00:00,test_X_slice_41.csv,22,4.179318428039551
2025-06-01 22:00:00,test_X_slice_41.csv,23,2.9950497150421143
2025-06-01 23:00:00,test_X_slice_41.csv,24,1.6899694204330444
2025-07-07 18:00:00,test_X_slice_42.csv,1,9.377595901489258
2025-07-07 19:00:00,test_X_slice_42.csv,2,6.325708866119385
2025-07-07 20:00:00,test_X_slice_42.csv,3,4.522239685058594
2025-07-07 21:00:00,test_X_slice_42.csv,4,1.6891508102416992
2025-07-07 22:00:00,test_X_slice_42.csv,5,-0.7142983078956604
2025-07-07 23:00:00,test_X_slice_42.csv,6,-0.6062125563621521
2025-07-08 00:00:00,test_X_slice_42.csv,7,-0.37435463070869446
2025-07-08 01:00:00,test_X_slice_42.csv,8,1.181589126586914
2025-07-08 02:00:00,test_X_slice_42.csv,9,1.7167216539382935
2025-07-08 03:00:00,test_X_slice_42.csv,10,3.912257432937622
2025-07-08 04:00:00,test_X_slice_42.csv,11,6.2853803634643555
2025-07-08 05:00:00,test_X_slice_42.csv,12,4.7484307289123535
2025-07-08 06:00:00,test_X_slice_42.csv,13,7.196346282958984
2025-07-08 07:00:00,test_X_slice_42.csv,14,9.053434371948242
2025-07-08 08:00:00,test_X_slice_42.csv,15,14.19163990020752
2025-07-08 09:00:00,test_X_slice_42.csv,16,17.842578887939453
2025-07-08 10:00:00,test_X_slice_42.csv,17,18.57437515258789
2025-07-08 11:00:00,test_X_slice_42.csv,18,15.106146812438965
2025-07-08 12:00:00,test_X_slice_42.csv,19,19.089492797851562
2025-07-08 13:00:00,test_X_slice_42.csv,20,18.12162971496582
2025-07-08 14:00:00,test_X_slice_42.csv,21,17.2393741607666
2025-07-08 15:00:00,test_X_slice_42.csv,22,17.09495735168457
2025-07-08 16:00:00,test_X_slice_42.csv,23,15.324699401855469
2025-07-08 17:00:00,test_X_slice_42.csv,24,13.528586387634277
2025-06-19 09:00:00,test_X_slice_43.csv,1,14.830032348632812
2025-06-19 10:00:00,test_X_slice_43.csv,2,17.29250717163086
2025-06-19 11:00:00,test_X_slice_43.csv,3,19.072874069213867
2025-06-19 12:00:00,test_X_slice_43.csv,4,22.730934143066406
2025-06-19 13:00:00,test_X_slice_43.csv,5,21.968481063842773
2025-06-19 14:00:00,test_X_slice_43.csv,6,21.192583084106445
2025-06-19 15:00:00,test_X_slice_43.csv,7,19.677581787109375
2025-06-19 16:00:00,test_X_slice_43.csv,8,16.228891372680664
2025-06-19 17:00:00,test_X_slice_43.csv,9,13.298212051391602
2025-06-19 18:00:00,test_X_slice_43.csv,10,10.621281623840332
2025-06-19 19:00:00,test_X_slice_43.csv,11,8.982405662536621
2025-06-19 20:00:00,test_X_slice_43.csv,12,7.244630813598633
2025-06-19 21:00:00,test_X_slice_43.csv,13,5.070333480834961
2025-06-19 22:00:00,test_X_slice_43.csv,14,5.403210639953613
2025-06-19 23:00:00,test_X_slice_43.csv,15,5.761888027191162
2025-06-20 00:00:00,test_X_slice_43.csv,16,4.5715436935424805
2025-06-20 01:00:00,test_X_slice_43.csv,17,2.424013137817383
2025-06-20 02:00:00,test_X_slice_43.csv,18,-0.45963895320892334
2025-06-20 03:00:00,test_X_slice_43.csv,19,0.7027262449264526
2025-06-20 04:00:00,test_X_slice_43.csv,20,1.1145427227020264
2025-06-20 05:00:00,test_X_slice_43.csv,21,2.172668695449829
2025-06-20 06:00:00,test_X_slice_43.csv,22,3.7599241733551025
2025-06-20 07:00:00,test_X_slice_43.csv,23,4.187395095825195
2025-06-20 08:00:00,test_X_slice_43.csv,24,6.714318752288818
